COW,Religiosity_Wave_7,Religiosity_Wave_6,Religiosity_Wave_5,Religiosity_Wave_4,Religiosity_Wave_3,Religiosity_Wave_2,Country,HDI_Wave_2,HDI_Wave_3,HDI_Wave_4,HDI_Wave_5,HDI_Wave_6,HDI_Wave_7,Life_Expectancy_Index_Wave_2,Life_Expectancy_Index_Wave_3,Life_Expectancy_Index_Wave_4,Life_Expectancy_Index_Wave_5,Life_Expectancy_Index_Wave_6,Life_Expectancy_Index_Wave_7,Education_Index_Wave_2,Education_Index_Wave_3,Education_Index_Wave_4,Education_Index_Wave_5,Education_Index_Wave_6,Education_Index_Wave_7,Income_Index_Wave_2,Income_Index_Wave_3,Income_Index_Wave_4,Income_Index_Wave_5,Income_Index_Wave_6,Income_Index_Wave_7,Religiosity_Index_7,Religiosity_Index_6,Religiosity_Index_5,Religiosity_Index_4,Religiosity_Index_3,Religiosity_Index_2
339, , , ,1.6349169436022,1.53665028931772, ,Albania,.6262,.64084,.685833333,.7272,.78025,.800142857,.825559077,.837875769,.858035897,.881292308,.894221231,.897735824,.559566061,.562185037,.603006731,.652197029,.75464412,.797107502,3732.05,4769.2,6720.82063,9305.500559,11218.11932,13031.28009, , , ,2.6349169436022,2.53665028931772, 
615, ,2.36581425910604, ,2.40455919809409, , ,Algeria,.5974,.61548,.6595,.6982,.7305,.743,.732127692,.749326538,.783617692,.810944,.836489846,.858166813,.467551247,.505919606,.566210356,.62803131,.687744309,.706828808,8028.78,7865.48,8911.324227,10422.35527,11050.11176,11229.65368, ,3.36581425910604, ,3.40455919809409, , 
232,.824929574357335, ,.846973704364607, , , ,Andorra, , ,.8298,.8452,.86325,.865285714,.916960615,.92179,.949137436,.962572,.967730154,.954480879, , ,.642278313,.665326431,.717430843,.7346488,41778.59,43090.41,50612.20347,54108.68143,47843.58616,51692.64084,1.82492957435733, ,1.84697370436461, , , 
160,1.48311357247594,1.5394674350079,1.76192416947264,1.91144817057771,1.76672868124965,1.68513339077256,Argentina,.7342,.74964,.785333333,.817,.84375,.847142857,.806982462,.819244231,.833787949,.852781846,.866330462,.869157802,.668391526,.691958765,.787822887,.828377421,.870117216,.89771735,15869.99,18321.58,16785.52224,20543.67491,23448.02494,21775.11373,2.48311357247594,2.5394674350079,2.76192416947264,2.91144817057771,2.76672868124965,2.68513339077256
371,2.0916594213691,2.03236171548948, , ,1.55349083243117, ,Armenia,.6318,.63716,.6735,.7298,.75725,.766285714,.750783385,.767375385,.783810513,.804052615,.823544,.832362857,.635134039,.636874992,.66219193,.711737406,.750642578,.75005344,3579.87,3451.85,5125.829744,9489.12925,10703.80403,12611.40871,3.0916594213691,3.03236171548948, , ,2.55349083243117, 
900,.877659364370798,.914966785933026,1.15163569839468, ,1.22638263687012, ,Australia,.8694,.88268,.901,.916,.929,.940714286,.885752308,.901039615,.923597179,.944246462,.959095385,.975547253,.895155345,.974484261,1.016297888,1.055253965,1.091023403,1.071700066,30072.46,33968.86,38761.75572,42126.24225,44607.28875,47295.35649,1.8776593643708,1.91496678593303,2.15163569839468, ,2.22638263687012, 
373, ,1.91536482702525, , ,1.8669167364657, ,Azerbaijan, , ,.636833333,.7016,.73725,.749142857,.641784308,.659463846,.704952308,.746145231,.774984923,.786371429, ,.611856793,.640393215,.678367346,.701541436,.734146224,5725.95,3136.78,4481.976772,9779.928024,13631.80276,13794.39544, ,2.91536482702525, , ,2.8669167364657, 
771,2.66530197507977, , ,2.62062615933397,2.70566155595838, ,Bangladesh,.4102,.44144,.4955,.528,.5725,.633,.567144,.631936154,.714784359,.725257538,.758621538,.798002857,.307619467,.345608188,.390353743,.43048875,.480925925,.578329948,1625.03,1812.27,2094.828363,2693.287721,3441.935485,4658.03232,3.66530197507977, , ,3.62062615933397,3.70566155595838, 
370, ,1.44795863165534, , ,1.40572873026091,.874640094584663,Belarus, , ,.720333333,.7706,.80575,.813142857,.759765231,.749963846,.751917949,.775944,.805618769,.827323297, ,.70782314,.752212711,.812294754,.842187894,.846466988,7868.29,6425.96,8913.865726,14210.33823,17945.6006,18060.32602, ,2.44795863165534, , ,2.40572873026091,1.87464009458466
145,2.14660714593843, , , , , ,Bolivia,.5686,.60552,.629666667,.6456,.677,.702285714,.580168,.621927692,.661551538,.693900923,.718721846,.717216484,.588537114,.671772312,.668849648,.669287596,.703915974,.756011896,4567.25,5119.21,5288.904537,5879.965608,6737.323912,8114.71211,3.14660714593843, , , , , 
346, , , ,1.68049347486639,1.75818524638771, ,Bosnia and Herzegovina, , ,.6774,.7072,.746,.774714286,.661385846,.812698462,.849124872,.866590462,.871569846,.869856264, , ,.574179675,.615682205,.685846231,.737844447, ,4660.42,8638.67554,10642.45662,11554.94803,14049.85576, , , ,2.68049347486639,2.75818524638771, 
140,2.05344782922125,2.22313339362573,2.29832143590068, ,2.33186018792201,2.16702408245497,Brazil,.6232,.64964,.684666667,.7068,.741,.758428571,.719016,.747420769,.773632564,.805598769,.825542462,.836939121,.532463129,.581404423,.629495175,.634778282,.681583512,.738184613,10264.15,11039.54,11336.57967,13106.81469,15093.45832,14280.42062,3.05344782922125,3.22313339362573,3.29832143590068, ,3.33186018792201,3.16702408245497
355, , ,1.32488114358226, ,1.15417296471559, ,Bulgaria,.6868,.70396,.737333333,.774,.801,.806,.787463385,.781306538,.800766154,.816678462,.836039385,.834438022,.603181509,.660308499,.710888348,.75411983,.792135265,.789754815,11102.7,11127.32,11988.85447,16536.15715,18825.91711,21533.52784, , ,2.32488114358226, ,2.15417296471559, 
439, , ,2.44706616090693, , , ,Burkina Faso, , ,.3035,.3426,.39725,.440285714,.451825846,.455580769,.481343333,.5308,.576622769,.608337582, , ,.161018188,.206560895,.276230795,.349548996,1048.3,1173.89,1358.27134,1583.109022,1764.860175,1994.675601, , ,3.44706616090693, , , 
20,.858245585430283, ,1.55083949683079,1.59256120598493, , ,Canada,.866,.876,.893,.9074,.921,.931714286,.887675692,.897801923,.915154103,.932446154,.948476923,.956273407,.876532199,.88389721,.877246248,.879499471,.894670082,.923279058,31545.51,34020.62,39634.73361,44830.30045,46205.04755,46989.63437,1.85824558543028, ,2.55083949683079,2.59256120598493, , 
155,1.29767046378294,1.62208549325953,1.88004788745004,2.00336099399396,1.98083957643699,1.99998011984055,Chile,.7164,.73448,.771166667,.8032,.8295,.853285714,.827977538,.849125385,.877197436,.896392923,.909065846,.920781538,.64581496,.65613751,.707961008,.762187862,.795451229,.849398753,10823.41,13985.3,15593.05553,18108.09188,21730.60856,23686.49989,2.29767046378294,2.62208549325953,2.88004788745004,3.00336099399396,2.98083957643699,2.99998011984055
710,.384479906050957,.544038014728609,.955862136117941,1.64064845969993,1.440304429379,.0627103653476526,China,.504,.5404,.599166667,.661,.71275,.752714286,.749676923,.777376923,.810281282,.841821538,.864197538,.886685934,.417199601,.451157939,.503815355,.569805906,.620313162,.672867814,1801.37,2671,3904.183385,6718.491963,10332.34894,14973.7763,1.38447990605096,1.54403801472861,1.95586213611794,2.64064845969993,2.440304429379,.937289634652347
100,2.12291086191158,2.31187154933012,2.26423588975145, ,2.09294366739981, ,Colombia,.6264,.64988,.671,.7084,.74075,.759,.755230154,.774425769,.796775385,.828995077,.854828308,.858182857,.514104528,.556796172,.585617835,.642597733,.681335081,.716704618,8310.48,9292.14,8975.667713,10604.54402,12391.37246,13944.261,3.12291086191158,3.31187154933012,3.26423588975145, ,3.09294366739981, 
344, , , , ,1.47067937589394, ,Croatia, , ,.772166667,.8122,.83375,.853285714,.807528,.826343462,.841523846,.861103692,.883579077,.893437363,.554456301,.620694064,.701795913,.768202948,.807663745,.838811687, ,16570.75,19789.92115,24558.2328,23578.05442,27238.78421, , , , ,2.47067937589394, 
352,1.84036503092158,1.96032075661189,1.93995560762959, , , ,Cyprus,.7392,.77504,.811,.8484,.86175,.887714286,.833236,.856455769,.879667692,.903580615,.925986769,.94224967,.601244173,.678731304,.711149275,.770157183,.790091667,.848402584,25694.56,28225.53,32061.08959,37617.40538,35388.61912,37038.5661,2.84036503092158,2.96032075661189,2.93995560762959, , , 
316, , , , ,.790560941937619,.995406336439015,Czech Republic,.748,.7758,.819,.8566,.8785,.893571429,.805058154,.828891538,.850819744,.874539077,.893322462,.903478022,.660931624,.722014614,.787682366,.84669213,.891326777,.905091069,20492.24,22642.22,25603.98104,30995.68179,31195.56468,36827.83034, , , , ,1.79056094193762,1.99540633643902
42, , , , ,2.21662086960327, ,Dominician Republic, , , , , , , , , , , , , , , , , , , , , , , , , , , , ,3.21662086960327, 
130,2.1743224636651,2.26102812027654, , , , ,Ecuador,.658,.6732,.695666667,.7236,.75225,.754571429,.769822769,.792805,.821563077,.843738462,.862232923,.858768352,.587676923,.616080341,.650597348,.687784007,.722077251,.738495299,7966.82,8352.61,8093.688244,9571.949878,11157.19574,10998.10172,3.1743224636651,3.26102812027654, , , , 
651,2.53856411651353,2.14684134370537,2.54407297318898,2.53043769328876, , ,Egypt,.5848,.60916,.635833333,.6552,.69,.724142857,.692968923,.722005385,.742644359,.755946154,.769527077,.783657363,.489635593,.530082279,.551409913,.570840436,.630145486,.705008699,6151.62,6847.63,7879.41221,9295.268536,10067.78444,11079.63565,3.53856411651353,3.14684134370537,3.54407297318898,3.53043769328876, , 
92, , , , ,2.39438299722516, ,El Salvador,.547,.5828,.623,.6488,.6645,.674714286,.683498154,.729920385,.768089487,.785602462,.797093846,.79796022,.432284446,.490237554,.536321172,.579730567,.597750632,.613639327,5500.69,6244.53,6458.591221,6985.245747,7420.459364,7993.995113, , , , ,3.39438299722516, 
366, ,.956840504856609, , ,.941466804375512, ,Estonia,.7204,.74168,.801,.8502,.876,.889,.754927692,.768536923,.796244872,.830416308,.870860923,.891753626,.70431696,.763993232,.856284293,.904017415,.920143669,.908994196,11510.4,11982,16315.10107,25000.6292,26940.60943,34086.94232, ,1.95684050485661, , ,1.94146680437551, 
530,2.71599437144945, ,2.33740176426372, , , ,Ethiopia, , ,.3074,.3772,.43575,.484714286,.408748615,.448716154,.482794103,.559938154,.637759077,.691151868, , ,.208933148,.305828813,.34514195,.395227326,669.64,711.07,742.1477894,1008.024835,1448.584291,2087.020925,3.71599437144945, ,3.33740176426372, , , 
375, , ,1.29889435518464, ,1.23765434080216, ,Finland,.8254,.85248,.8975,.9088,.92075,.935428571,.856932308,.876141154,.894649487,.914648923,.931691077,.948588791,.79317686,.85048808,.916451423,.909158233,.944786963,.99635911,31763.21,35530.89,43077.89497,47244.19582,45541.01362,47770.66461, , ,2.29889435518464, ,2.23765434080216, 
220, , ,.911858833897356, , , ,France,.8056,.82932,.848,.8708,.8855,.898857143,.880798154,.895948077,.913318974,.936251077,.952327692,.96072022,.716770053,.76908308,.764080423,.795843159,.814448829,.841928369,34303.08,36413.39,40558.30863,42794.24326,43176.06381,45261.95694, , ,1.91185883389736, , , 
372, ,2.37257841435392,2.37829338724389, ,1.87484467574907, ,Georgia, , ,.7148,.7468,.775,.800285714,.740388615,.753788077,.767757949,.79192,.808177231,.816938022, , ,.776523124,.788593253,.810950603,.861781161,6129.28,4026.23,5739.660297,8651.744724,10940.64455,13378.1001, ,3.37257841435392,3.37829338724389, ,2.87484467574907, 
255,.992136339105713,1.06151620144706,1.00848727096053, ,.8224, ,Germany,.8432,.86544,.898166667,.9196,.93375,.943142857,.859822769,.877526154,.898543846,.917983077,.930248,.938182198,.805114588,.855054055,.898777907,.928794803,.943620766,.956326784,37933.37,40034.55,42789.62296,46223.58759,49873.84322,54006.34538,1.99213633910571,2.06151620144706,2.00848727096053, ,1.8224, 
452, ,2.64159848434589,2.6683899670781, , , ,Ghana,.4696,.48572,.510333333,.55,.59425,.621285714,.555049538,.569940385,.592929487,.619719077,.647244615,.676593407,.393644379,.422469279,.445938111,.516603486,.578989593,.61640027,2443.74,2597.39,2861.07176,3381.203618,4268.5198,5124.148011, ,3.64159848434589,3.6683899670781, , , 
350,1.91288081015245, , , , , ,Greece,.768,.783,.823166667,.861,.87025,.883571429,.884320615,.893569231,.904744872,.920792615,.933473231,.937008352,.645366486,.675990237,.74656783,.819122261,.862500566,.948520853,24792.18,25686.91,29950.39371,34825.54361,28824.40878,28316.73524,2.91288081015245, , , , , 
90,2.08882221959448, ,2.53517401549605, , , ,Guatemala,.4924,.51508,.557666667,.5882,.621,.637428571,.662113846,.695030769,.740023333,.769468,.791415385,.799772747,.315386794,.347545058,.399724669,.447316842,.489376291,.513395842,5640.39,6078.95,6470.72413,6985.54759,7436.411295,8265.41107,3.08882221959448, ,3.53517401549605, , , 
41, ,1.69616355087016, , , , ,Haiti,.4334,.44848,.474166667,.4988,.51875,.537,.520650769,.559048846,.593976667,.631860308,.601615077,.672529231,.325242951,.348416785,.376215095,.405598792,.434586667,.467628571,3199.04,2911.86,2896.887269,2963.997304,3008.530167,3064.10279, ,2.69616355087016, , , , 
714,.808429894168042,.833460721890332,1.00335491499184, , , ,Hong Kong SAR,.8028,.82696,.8575,.8918,.9215,.945571429,.893057846,.917324615,.938698718,.956812308,.977441846,.999815165,.696121879,.733986771,.772677678,.815294642,.855761269,.901093928,30668.62,35239.29,37477.71461,48807.49731,55149.15101,61199.46641,1.80842989416804,1.83346072189033,2.00335491499184, , , 
310, , ,1.16144229252955, ,1.11814577032123, ,Hungary,.7204,.74028,.784666667,.817,.83475,.846142857,.759273846,.778800769,.802869744,.823931692,.849696923,.858748132,.653303437,.70513969,.775253542,.822867697,.841785112,.838780178,16399.8,16631.54,20103.6554,23807.72917,24150.2161,29511.99721, , ,2.16144229252955, ,2.11814577032123, 
750, ,2.37501967326174,1.99150160180259,1.95458054045451,2.00275507588069,2.02691158335779,India,.4422,.46304,.502833333,.551,.603,.639571429,.606737538,.633691538,.667184872,.704179692,.737502154,.767536703,.35210414,.3718159,.406534878,.469403356,.533600133,.578362414,1847.79,2219.45,2713.658925,3585.579172,4578.901762,6149.596965, ,3.37501967326174,2.99150160180259,2.95458054045451,3.00275507588069,3.02691158335779
850,2.6970602335919, ,2.60815830307464,2.72219182631004, , ,Indonesia,.5408,.57236,.606833333,.6434,.67975,.705428571,.677841538,.701106538,.717200513,.739915692,.754684615,.761903297,.431696992,.483534915,.536202799,.584637817,.63544513,.681305866,4779.71,5843.97,5658.70511,7020.628,8790.48336,10813.34091,3.6970602335919, ,3.60815830307464,3.72219182631004, , 
630,2.24647661852156, ,2.33612199560342,2.45569567485805, , ,Iran,.6244,.65148,.695333333,.73,.766,.781714286,.714490154,.742089231,.770722308,.806796308,.831278462,.852088132,.522751498,.577528966,.635433507,.671124041,.743696686,.783042239,9286.67,9543.13,10604.2622,12854.70915,13302.20559,13300.13306,3.24647661852156, ,3.33612199560342,3.45569567485805, , 
645,1.97696766835412,2.42865555005942,2.40285257607025,2.47212052721771, , ,Iraq,.5272,.54784,.591,.6146,.6615,.684571429,.680933231,.708376538,.712281026,.687297231,.738188923,.772378242,.420250235,.431077934,.472100751,.535928828,.580027504,.615379555,4172.81,5030.06,7117.863184,7768.208598,9462.464378,10312.29875,2.97696766835412,3.42865555005942,3.40285257607025,3.47212052721771, , 
666, , , ,1.94853814396674, , ,Israel,.7978,.81696,.85,.8798,.90175,.916428571,.880624,.894716538,.912819744,.935442154,.952447077,.96165956,.728257726,.760332209,.820715756,.864024387,.89011607,.903520331,22410.05,25956.14,27555.59108,30357.02799,33750.27783,39194.09498, , , ,2.94853814396674, , 
325, , ,1.89563657210858, , , ,Italy,.7898,.81376,.850166667,.8748,.88325,.890142857,.882673846,.900355385,.923138205,.945700615,.960611692,.96765956,.660792393,.710730569,.761857657,.808491461,.824536995,.83105573,36727.96,39767.83,43429.77698,43943.59113,40755.57201,41576.84344, , ,2.89563657210858, , , 
740,.763383982701225,.895666582693879,.852532213247371,.926785402313921,.870781433873605,.809074300523125,Japan,.852,.865,.8805,.8934,.907,.922285714,.913186154,.927813462,.946345641,.961708615,.971795692,.989783516,.771121727,.798206267,.814026715,.832648343,.856965119,.877450421,36381.98,37794.18,38514.73641,39761.73252,39620.48007,42508.54712,1.76338398270123,1.89566658269388,1.85253221324737,1.92678540231392,1.8707814338736,1.80907430052312
663,2.40065168541099,2.5000908977946,2.58837879419059,2.56227258860752, , ,Jordan,.6338,.65336,.688833333,.7264,.72,.721,.773783385,.787235,.803751026,.821052923,.836632615,.850521319,.537277338,.573882415,.620474155,.669999749,.643070851,.635283819,7602.24,8093.35,9301.306231,11495.7843,10639.80983,9956.93923,3.40065168541099,3.5000908977946,3.58837879419059,3.56227258860752, , 
705,1.80435105150205,1.43273177161534, , , , ,Kazakhstan,.6656,.66172,.7,.7536,.78725,.811285714,.682105538,.672604231,.682593077,.709700615,.757345846,.781214286,.627987648,.64950957,.713163878,.799079244,.814903626,.852615833,11496.2,9008.49,12020.62045,16707.27394,19655.8896,22789.43656,2.80435105150205,2.43273177161534, , , , 
501,2.45412146335735, , , , , ,Kenya,.473,.4762,.489,.5304,.5535,.573285714,.574671077,.538925385,.5394,.598185538,.633893231,.651117363,.372099903,.40190091,.432285577,.490758577,.519691417,.535823802,3250.05,3235.13,3169.866332,3375.861123,3414.068834,4183.867325,3.45412146335735, , , , , 
690, ,2.11128509567939, , , , ,Kuwait,.7028,.76376,.788166667,.8032,.822,.832285714,.845372308,.858426154,.873817436,.878133538,.904203385,.909985714,.445991989,.588635443,.609068855,.632539628,.662874576,.704057131,49334.48,75975.78,67296.17071,81640.99956,65968.8019,57433.24762, ,3.11128509567939, , , , 
703,2.03787993732017,1.85042175360112, ,1.71646404753098, , ,Kyrgyzstan,.6184,.60228,.630166667,.6546,.6775,.693714286,.677457846,.684239231,.705353077,.723699385,.753626462,.77455978,.640314738,.637441987,.694761178,.718444953,.732555649,.750786272,3960.31,2649.79,3080.902497,3754.721676,4167.482883,4697.960866,3.03787993732017,2.85042175360112, ,2.71646404753098, , 
367, , , , ,1.26613551681299, ,Latvia,.708,.714,.772166667,.8192,.83825,.862285714,.740215385,.747768077,.774701795,.792312308,.827711692,.843539341,.675476053,.710714313,.814379579,.870779834,.873434236,.901546834,12294.84,10055.11,13932.47509,22251.56113,23025.10621,29544.0075, , , , ,2.26613551681299, 
660,2.03028157988906,1.87219659007464, , , , ,Lebanon, , , ,.75,.7605,.738,.768942769,.807914615,.842101795,.876633538,.901310154,.901549451, , , ,.656781089,.649852913,.613417377,11760.85,14603.24,13738.36208,16069.66984,18014.85566,14105.90477,3.03028157988906,2.87219659007464, , , , 
620,2.51178866779164,2.38486393867904, , , , ,Libya,.6794,.69648,.718,.7388,.70775,.710571429,.771084308,.786853077,.785194359,.799392,.795517538,.803465055,.596502778,.640462883,.682492465,.683458365,.653698704,.637492484,15121.5,14118.81,14340.37648,18611.84485,13825.95178,13164.41638,3.51178866779164,3.38486393867904, , , , 
368, , , , ,1.5562560448052, ,Lithuania,.7134,.72148,.781666667,.8298,.85375,.874857143,.768982154,.775616154,.799010769,.801383692,.832942462,.84749033,.667873874,.70873749,.815459954,.892573137,.905825611,.916425453,11952.1,10496.54,14757.24349,23138.36547,25805.83042,33757.80842, , , , ,2.5562560448052, 
446,.693534804495897, , , , , ,Macau SAR, , , , , , , , , , , , , , , , , , , , , , , , ,1.6935348044959, , , , , 
343, , , ,1.78852699739117,1.45307336196938, ,Macedonia, , , , , , , , , , , , , , , , , , , , , , , , , , , ,2.78852699739117,2.45307336196938, 
820,2.19100600062602,2.31661195805711,2.39057582095726, , , ,Malaysia,.6556,.68532,.723833333,.7466,.7825,.804428571,.794654769,.804470769,.819640513,.833685538,.844039692,.852935604,.519404734,.571165095,.633169981,.65395325,.710618792,.743997403,11258,14303.51,15167.67676,18633.0249,21430.21597,25980.46848,3.19100600062602,3.31661195805711,3.39057582095726, , , 
781,2.58484822430935, , , , , ,Maldives, , ,.636,.667,.71375,.744142857,.692734154,.749905385,.805215897,.859008308,.901368,.921829231, ,.43266696,.480929283,.509227828,.561196922,.616505342,8848.17,11180.71,13404.64195,14267.11358,15009.22523,15797.67849,3.58484822430935, , , , , 
432, , ,2.52699703576145, , , ,Mali,.2504,.27708,.333666667,.382,.4095,.425857143,.420943077,.43578,.487879487,.537612615,.570686769,.599688571,.103675611,.142302194,.199399551,.263007433,.297993376,.307058811,1472.26,1515.08,1740.715754,1926.362108,1976.742696,2160.789401, , ,3.52699703576145, , , 
70,1.96033792513043,2.15476697301924,2.19382835048112,2.34547379096453,1.98503703103062,1.91149366835839,Mexico,.6672,.68124,.716166667,.7414,.759,.769285714,.778786154,.803741538,.829264359,.834515692,.838971385,.817130549,.527757502,.550901671,.600430229,.653281997,.68696851,.738570632,15090.84,15450.61,17079.05021,17720.29842,18037.12246,18660.33316,2.96033792513043,3.15476697301924,3.19382835048112,3.34547379096453,2.98503703103062,2.91149366835839
359, , ,1.86162938012083,1.89736938594647,1.69139679492954, ,Moldova,.6354,.62488,.657666667,.7116,.74325,.763571429,.718825846,.692373077,.720468718,.752499077,.756373538,.769474945,.518578892,.568984817,.634994032,.718919749,.783024258,.80504488,9613.22,5504.28,6172.82854,8540.08532,10116.47424,12738.38464, , ,2.86162938012083,2.89736938594647,2.69139679492954, 
712,1.01046132845591, , , , , ,Mongolia,.5648,.56876,.6155,.6786,.7205,.738571429,.609495077,.628836923,.669772051,.706183077,.739586154,.781840879,.520512367,.514587915,.599313157,.71805119,.764594078,.762700518,4051.29,4288.94,4904.039957,6681.510361,8771.243082,10494.85496,2.01046132845591, , , , , 
341, , , ,1.45931003561206,1.18093947836744, ,Montenegro, , ,.76,.786,.81475,.829285714,.841378769,.825822692,.830206923,.841263385,.867350462,.873055604, , ,.699138308,.771342923,.816941584,.83347891, ,10829.42,13069.8368,16008.37612,17339.39617,19966.87687, , , ,2.45931003561206,2.18093947836744, 
600,2.27055879661677,2.51533496284468,2.71897012066005,2.64342923044969, , ,Morocco,.459,.4844,.536333333,.5806,.62925,.672142857,.667735077,.698541538,.72837359,.762898462,.795190154,.826555165,.289773391,.32956602,.397627573,.455922309,.523189523,.613599524,3798.05,4023.49,4615.838509,5678.181972,6520.17848,7144.84884,3.27055879661677,3.51533496284468,3.71897012066005,3.64342923044969, , 
775,2.43641412769637, , , , , ,Myanmar,.3528,.37696,.425166667,.4752,.537,.583857143,.573886154,.600908846,.624117436,.632377846,.680745846,.709083297,.315169075,.334063222,.358373088,.393691065,.451990495,.524221374,591.05,736.02,1156.950308,2101.466779,3035.424795,4142.486681,3.43641412769637, , , , , 
210,.747511713027519,.838936593628293,.943121841983364, , , ,Netherlands,.8576,.87732,.893166667,.9084,.9285,.937714286,.880217231,.888526154,.899244103,.924920308,.941238154,.949237802,.829688287,.875955933,.874903191,.884807342,.924569631,.958772972,37300.78,42082.79,48322.23177,51798.04139,52302.20522,54957.18322,1.74751171302752,1.83893659362829,1.94312184198336, , , 
920,.866084590200132,1.0915891092504,1.07434218830313, ,1.14624464936857, ,New Zealand,.8228,.85436,.894166667,.915,.92625,.935142857,.864961538,.881226538,.90429,.926627077,.943510769,.959132747,.817197337,.897848865,.94717535,.976483837,.994152627,1.010119207,23156.47,25592.37,29374.21376,32989.41,35913.20778,41239.60297,1.86608459020013,2.0915891092504,2.07434218830313, ,2.14624464936857, 
93,2.22442156654773, , , , , ,Nicaragua,.5032,.52864,.571833333,.5982,.6315,.658,.680488,.705322692,.726637949,.763812615,.807866154,.820503297,.394122074,.435780897,.496523549,.519201491,.549551047,.605442316,2915.27,3303.84,3869.622454,4403.183764,4882.93085,5447.379963,3.22442156654773, , , , , 
475,2.66110131334705,2.62507965343625, ,2.74260998177012,2.64914905847158,2.6400438171063,Nigeria, , ,.456,.4788,.50225,.528857143,.395991077,.395701154,.427081026,.461532308,.483991692,.499376264, , ,.406638571,.443810793,.452474989,.518575615,2937.18,2788.83,3059.219141,4069.80141,4919.746901,4996.953178,3.66110131334705,3.62507965343625, ,3.74260998177012,3.64914905847158,3.6400438171063
385, , ,.922603177796439, ,1.03899388311007, ,Norway,.853,.8766,.913833333,.9364,.94775,.958571429,.879581538,.894910769,.908793077,.931259077,.946090154,.965835604,.814333328,.858950399,.911813636,.927327284,.937490309,.96157737,37526.08,44377.47,54335.31401,66366.1057,67524.28366,65809.95301, , ,1.92260317779644, ,2.03899388311007, 
770,2.54823222988481,2.57245525433107, ,2.73271492820697,2.37672038728326, ,Pakistan,.4074,.42048,.4525,.4952,.5165,.542285714,.616895077,.622960769,.653137949,.671460308,.690154769,.710943297,.227865324,.247507741,.279387941,.341095966,.366872167,.409455406,2956.15,3079.3,3234.837994,3776.184158,3949.00206,4484.659672,3.54823222988481,3.57245525433107, ,3.73271492820697,3.37672038728326, 
667, ,2.37711193451176, , , , ,Palestine, , ,.651,.6712,.699,.717857143,.747992615,.772096154,.780347179,.803555385,.819585231,.838907253, , ,.603088726,.656944719,.683916681,.708727842,4384.95,4873.62,4606.304919,5275.263415,6324.379147,6988.633075, ,3.37711193451176, , , , 
135,2.05382992295929,2.06989178055052,2.06690468025183,2.25783937537294,2.18117836151906, ,Peru,.6278,.64916,.682,.6992,.74475,.767714286,.709529846,.744150385,.789110256,.819150462,.839038462,.847243516,.604667278,.627272668,.663193514,.65863835,.718765585,.771387049,5166.68,6137.31,6476.367907,7995.819828,10402.94164,11877.90877,3.05382992295929,3.06989178055052,3.06690468025183,3.25783937537294,3.18117836151906, 
840,2.50236723943959,2.54342915158979, ,2.50550664408045,2.56137670100099, ,Philippines,.603,.618,.642666667,.6632,.688,.705571429,.722415077,.749310385,.764273333,.776007077,.782798462,.789253846,.561171566,.575492017,.605528607,.624993499,.655066876,.680418259,4096.62,4580.48,5057.004008,5933.995315,7120.349212,8915.512134,3.50236723943959,3.54342915158979, ,3.50550664408045,3.56137670100099, 
290, ,1.9542180820166,2.18708103831994, ,1.95162724610955,1.9425042673808,Poland,.7238,.75336,.800166667,.8252,.85675,.875,.784900615,.806589615,.833949744,.852556923,.874527692,.883281538,.700020689,.752573114,.816232972,.834945042,.872539725,.897663247,10744.5,13480.21,16590.29156,20718.13487,24574.07386,29930.3695, ,2.9542180820166,3.18708103831994, ,2.95162724610955,2.9425042673808
6,2.17233063954854, , ,2.48110427367216,2.45380760680129, ,Puerto Rico, , , , , , , , , , , , , , , , , , , , , , , , ,3.17233063954854, , ,3.48110427367216,3.45380760680129, 
694, ,2.52383188589741, , , , ,Qatar,.7602,.78224,.809333333,.8328,.8365,.852285714,.832803385,.840504231,.850842821,.876782462,.910297846,.926313626,.570541528,.61944273,.651698284,.677810122,.658067615,.681814041,60591.39,71533.11,87068.92942,86673.1316,89950.96924,89736.17186, ,3.52383188589741, , , , 
360,2.04369058834656,2.11214700844893,2.29864187997111, ,1.97824632744095, ,Romania,.6866,.69272,.724666667,.7854,.8085,.822285714,.763618462,.761981154,.777399487,.806965846,.839143385,.853144176,.593226402,.616021035,.677762548,.781127585,.799636479,.787566761,11603.36,12081.97,13296.34378,19004.53066,21288.12767,27288.19087,3.04369058834656,3.11214700844893,3.29864187997111, ,2.97824632744095, 
365,1.41490569006653,1.35707407600698,1.36363331734526, ,1.18114574865436,.912549544798369,Russia,.724,.713,.742333333,.781,.8135,.831857143,.718382769,.702536154,.699042051,.736040308,.779761538,.805188791,.68615778,.702683365,.774616425,.803197333,.831975959,.868687751,17690.6,12624.96,15541.94901,22005.57738,24571.83764,25728.94451,2.41490569006653,2.35707407600698,2.36363331734526, ,2.18114574865436,1.91254954479837
517, ,2.01241161576583,2.5002069501731, , , ,Rwanda, , ,.362333333,.4534,.506,.527571429,.293948923,.319186923,.46322359,.612575385,.674388923,.708812527,.257351177,.286642806,.332997193,.43223548,.488937872,.495871067,896.64,822.63,940.8469451,1290.163939,1632.063716,2013.335924, ,3.01241161576583,3.5002069501731, , , 
670, , , ,2.50701493148416, , ,Saudi Arabia,.6926,.71272,.7485,.794,.8405,.866571429,.766916923,.790943462,.817165641,.846613538,.867203077,.876557363,.495486312,.535151201,.592019008,.668085637,.751572475,.826251414,45328.4,43226.18,41255.95314,44910.94155,47958.97367,47830.0359, , , ,3.50701493148416, , 
348,1.49181532019496, , , , , ,Serbia, , ,.7005,.753,.7825,.803,.782403077,.793133462,.796978462,.82358,.847943385,.859570549,.601013349,.625669054,.652327746,.722014886,.762287913,.79869402, ,8503.35,9829.958451,13351.32152,14486.67817,16622.83068,2.49181532019496, , , , , 
830,1.53036951623863,1.70051170697674, ,1.77493221984749, , ,Singapore,.748,.7856,.836666667,.8854,.9215,.937142857,.854032,.875873077,.910748462,.937375385,.95716,.971168571,.563390025,.627137881,.687986835,.769255338,.835899554,.873365808,42011.86,52295.55,56945.48979,69331.57544,80772.20263,86198.77851,2.53036951623863,2.70051170697674, ,2.77493221984749, , 
317, , , , ,1.56549251986226,1.42693083133248,Slovakia,.6976,.72672,.774166667,.8204,.8465,.855285714,.791758462,.808689231,.824315128,.840462154,.864754769,.87460989,.599437143,.658567664,.734911796,.810186117,.842171432,.84037982,14058.11,15923.52,18105.7764,24177.71139,26539.40908,29792.73811, , , , ,2.56549251986226,2.42693083133248
349, ,1.10281970363642,1.21264047791083, ,1.22132775378444, ,Slovenia, , ,.840166667,.8808,.89625,.913571429,.824242462,.846825,.870273333,.901947077,.926459692,.938779121,.624587596,.694495549,.827593397,.891917528,.915449657,.938924923, ,23043.11,27873.79155,33227.33284,32121.70305,36467.53819, ,2.10281970363642,2.21264047791083, ,2.22132775378444, 
560, ,2.08171231257466,2.29877124296286,2.29575398322228,2.3006207020478,2.13511258809586,South Africa,.646,.6516,.632,.6462,.6995,.722428571,.663501846,.632796154,.561570769,.543750769,.637870154,.689101758,.615294138,.653513001,.661680714,.698446023,.72918243,.757863865,10397.55,10447.24,11113.43652,12973.52685,13580.92109,13281.68795, ,3.08171231257466,3.29877124296286,3.29575398322228,3.3006207020478,3.13511258809586
732,.860054026456892,1.18196882120825,1.17041774176489,1.18252108003636,1.42347541434279,1.58279548897171,South Korea,.7548,.78816,.834833333,.8698,.9,.918,.812957846,.840965,.879064872,.915983385,.946344308,.973795604,.728970345,.783661938,.825137688,.85994301,.886964453,.894342454,14627.25,19121.37,24437.17332,30883.67983,36368.99265,41787.08321,1.86005402645689,2.18196882120825,2.17041774176489,2.18252108003636,2.42347541434279,2.58279548897171
230, ,.914058837503509,1.01965146452784,1.29347571692607,1.47822051076206,1.30043008928959,Spain,.7726,.79832,.831333333,.857,.8775,.899142857,.884827077,.901310769,.918010769,.939114154,.960024308,.968553626,.667219388,.719480984,.748430683,.783978846,.827449541,.875768853,27215.38,29672.17,35256.15543,38200.36678,35970.54961,38767.61658, ,1.91405883750351,2.01965146452784,2.29347571692607,2.47822051076206,2.30043008928959
380, ,.751084413989848,.815010713617462,.898711774736345,.854274373702804, ,Sweden,.8268,.86556,.905833333,.905,.92225,.942142857,.893135385,.909813462,.922456154,.938223385,.951275385,.962541538,.750935435,.865092346,.933852314,.866254491,.89936491,.989789992,33811.33,36428.87,42535.50343,48304.3965,49737.1829,52896.4425, ,1.75108441398985,1.81501071361746,1.89871177473634,1.8542743737028, 
225, , ,1.28182745233058, ,1.21421466441292,1.51026608734063,Switzerland,.8568,.86936,.891166667,.9202,.947,.958,.891396923,.908926923,.927784103,.949016615,.963830154,.976044835,.757076959,.782914094,.80625273,.852802379,.90181743,.929022281,57530.2,58089.6,63568.46064,66836.64785,69671.38197,67960.00796, , ,2.28182745233058, ,2.21421466441292,2.51026608734063
713,1.22685438515599,1.27188998613301,1.06890513422004, ,1.27959055162942, ,Taiwan ROC, , , , , , , , , , , , , , , , , , , , , , , , ,2.22685438515599,2.27188998613301,2.06890513422004, ,2.27959055162942, 
702,2.01777287510372, , , , , ,Tajikistan,.5818,.54936,.576833333,.6262,.6475,.668285714,.580548308,.616666154,.682984615,.727602769,.745626769,.768283297,.642628815,.622513989,.636300058,.67335487,.689048907,.701947923,3623.25,1529.06,1839.246392,2762.656757,3207.564758,3950.147064,3.01777287510372, , , , , 
510, , , ,2.61912617581595, , ,Tanzania,.3698,.37296,.412,.4644,.507,.536428571,.478296308,.47334,.516988462,.577569231,.646208923,.70805956,.284256367,.29364728,.346363892,.415789948,.451098661,.460717827,1297.78,1306.44,1479.717121,1819.228188,2110.51572,2528.449761, , , ,3.61912617581595, , 
800,1.4758374711567,1.58744888709258,1.95679236277195, , , ,Thailand,.5946,.62332,.6705,.7198,.7535,.793857143,.782588615,.799856923,.811882308,.847011385,.873300308,.900628571,.433652916,.480563756,.562221343,.63496908,.676938242,.758882926,8012.92,9652.87,10161.53757,12645.18781,14482.71896,16701.14899,2.4758374711567,2.58744888709258,2.95679236277195, , , 
52, ,2.3574617239491,2.3316824642295, , , ,Tinidad and Tobago,.665,.6834,.726166667,.7724,.80225,.816,.747215692,.754067308,.765174103,.796343692,.824297538,.831693407,.579009256,.61234757,.654863034,.704107833,.751407721,.795588423,10467.48,12239.38,17948.53485,25829.87486,26765.003,25747.83484, ,3.3574617239491,3.3316824642295, , , 
616,2.039040822843,2.32325263665766, , , , ,Tunisia,.5886,.61712,.667833333,.7052,.72575,.738,.782098769,.809228077,.830433077,.846796923,.854553231,.853473407,.465839774,.517447783,.588950589,.647745235,.678561688,.711952699,5865.51,6560.82,7880.040335,9512.038599,10396.67894,10680.50637,3.039040822843,3.32325263665766, , , , 
640,1.96507960431891,2.17102052258308,2.17246895959733,2.16470860760829,2.18780034933079,1.99681101133016,Turkey,.6098,.63216,.678,.7152,.78475,.832142857,.746369538,.774459615,.803833077,.833190769,.857075385,.87412,.439706853,.469114759,.542613737,.588183158,.713986906,.833672698,13357.26,15195.49,15514.13807,19117.54882,22572.81617,27851.77156,2.96507960431891,3.17102052258308,3.17246895959733,3.16470860760829,3.18780034933079,2.99681101133016
500, , , ,2.5300286922238, , ,Uganda,.3306,.35272,.412166667,.4748,.50775,.521714286,.405279692,.413034231,.453066667,.538129231,.596945538,.650790769,.274604012,.317495384,.427566057,.503182747,.51824886,.501358858,934.63,1149,1308.499088,1640.202644,1940.658053,2087.748754, , , ,3.5300286922238, , 
369,1.58625868654617,1.61946459217436,1.58317988148058, ,1.37937665717422, ,Ukraine,.7118,.69316,.717833333,.754,.772,.778857143,.747136615,.730794231,.740872051,.753910462,.794115077,.825568132,.670622272,.70386073,.764363226,.807017984,.810122419,.807197419,13125.19,7182.46,8339.13465,11883.12028,12403.40951,12392.55212,2.58625868654617,2.61946459217436,2.58317988148058, ,2.37937665717422, 
200, , ,1.14878408071126, ,1.47251644105137, ,United Kingdom,.8154,.83348,.870833333,.8984,.91575,.928285714,.864113231,.876576923,.894440256,.916433846,.935878769,.938887912,.750818634,.792704471,.846343894,.885544408,.916251331,.945606118,31511.12,33283.25,39260.19418,42438.4153,42100.52692,45102.01271, , ,2.14878408071126, ,2.47251644105137, 
2,1.42102774388094,1.72023133402611,1.87597756065394,2.08579402599911,2.02810159078276, ,United States of America,.8774,.88648,.893,.9048,.91625,.923428571,.855307385,.866103462,.877240769,.893095692,.906168308,.899514505,.890326191,.896026429,.876704174,.887986321,.901466597,.917308834,39899.41,44556.82,50922.75908,54483.92709,56167.26916,61900.96356,2.42102774388094,2.72023133402611,2.87597756065394,3.08579402599911,3.02810159078276, 
165, ,1.1555652568915,1.30371382589187, ,1.31026656776066, ,Uruguay,.7082,.72544,.760666667,.7722,.80125,.816428571,.822198769,.833878077,.85233641,.868967692,.878641846,.882775824,.631445085,.657730462,.731329166,.730844296,.765887687,.803602807,11807.65,13932.2,13583.4804,15828.02214,19848.94539,21457.81781, ,2.1555652568915,2.30371382589187, ,2.31026656776066, 
704, ,1.81357913562701, , , , ,Uzbekistan, , ,.6206,.6526,.6895,.717,.692614462,.689064231,.713432308,.742486154,.766098769,.782254066, , ,.654142406,.678470218,.69659217,.732887426,3035.92,2573.78,2927.080168,3969.702232,5611.003385,7202.444844, ,2.81357913562701, , , , 
101,1.96079623127133, , ,2.23100324674123,2.19050156853996, ,Venezuela,.6708,.67996,.692333333,.7428,.76825,.730428571,.796762769,.806248846,.802689487,.811068923,.815043077,.797353626,.517145628,.530367371,.569637988,.671479874,.718367138,.732781798,17441.14,17349.14,15314.22817,18794.1036,19359.2902,10215.86495,2.96079623127133, , ,3.23100324674123,3.19050156853996, 
816,1.24534057181351, ,.992860896509739,.947952868460122, , ,Vietnam,.504,.5444,.602333333,.6466,.674,.696714286,.77046,.795392308,.811134103,.821341846,.826274154,.83262044,.40892737,.469043621,.547049911,.608629081,.636056398,.658481183,1797.91,2477.35,3184.261937,4300.505753,5372.570395,7031.220459,2.24534057181351, ,1.99286089650974,1.94795286846012, , 
679, ,2.52352439002946, , , , ,Yemen,.3912,.41624,.463,.4976,.50975,.462571429,.605383692,.628904231,.669842564,.714631692,.729143385,.694428791,.239264296,.270669791,.316169461,.34891555,.380715466,.389798272,2573.72,2995.09,3441.681244,3846.609713,3240.951525,1422.648461, ,3.52352439002946, , , , 
345, , ,1.64952314020364,1.49418924501153,1.20825740451466, ,Yugoslavia, , , , , , , , , , , , , , , , , , , , , , , , , , ,2.64952314020364,2.49418924501153,2.20825740451466, 
551, , ,2.42298203316837, , , ,Zambia,.4106,.41232,.432833333,.4952,.54825,.568,.411073846,.386275769,.411946923,.505965538,.596965538,.645846374,.396808747,.429121091,.454760502,.526429257,.543680394,.558823108,1879.29,1810.21,1967.653925,2396.00063,3146.226081,3307.346297, , ,3.42298203316837, , , 
552,2.54923798751027,2.54769785480357, ,2.51274920658587, , ,Zimbabwe,.4992,.47804,.447833333,.4588,.55875,.594285714,.556821846,.43961,.370024359,.401621846,.541320923,.623495385,.484667354,.505689222,.529109996,.557639149,.596747199,.634730704,2592.06,2709.83,2370.48412,1930.396342,3373.495168,3710.993637,3.54923798751027,3.54769785480357, ,3.51274920658587, , 
